{"cameraMode":{"drawMode":0,"name":"Shaded","section":"Shading Mode"},"sceneLighting":true,"audioPlay":false,"sceneViewState":{"m_AlwaysRefresh":false,"showFog":true,"showSkybox":true,"showFlares":true,"showImageEffects":true,"showParticleSystems":true,"showVisualEffectGraphs":true,"m_FxEnabled":true},"in2DMode":false,"pivot":{"x":6.320000171661377,"y":0.9672320485115051,"z":-4.28000020980835},"rotation":{"x":0.0002670637331902981,"y":0.9971996545791626,"z":0.006045138463377953,"w":0.08196020126342774},"size":2.1294195652008058,"orthographic":false}