{"cameraMode":{"drawMode":0,"name":"Shaded","section":"Shading Mode"},"sceneLighting":true,"audioPlay":false,"sceneViewState":{"m_AlwaysRefresh":false,"showFog":true,"showSkybox":true,"showFlares":true,"showImageEffects":true,"showParticleSystems":true,"showVisualEffectGraphs":true,"m_FxEnabled":true},"in2DMode":false,"pivot":{"x":1.4353455305099488,"y":-1.010350227355957,"z":-12.05026626586914},"rotation":{"x":-0.021390888839960099,"y":0.9765331149101257,"z":-0.18173328042030335,"w":-0.11477214843034744},"size":7.9099860191345219,"orthographic":true}