{"cameraMode":{"drawMode":0,"name":"Shaded","section":"Shading Mode"},"sceneLighting":false,"audioPlay":false,"sceneViewState":{"m_AlwaysRefresh":false,"showFog":false,"showSkybox":false,"showFlares":false,"showImageEffects":false,"showParticleSystems":false,"showVisualEffectGraphs":true,"m_FxEnabled":true},"in2DMode":false,"pivot":{"x":-0.03991210460662842,"y":0.7377092242240906,"z":0.294829785823822},"rotation":{"x":0.003480602754279971,"y":0.9758444428443909,"z":-0.21821770071983338,"w":0.015617594122886658},"size":1.3815058469772339,"orthographic":true}