{"cameraMode":{"drawMode":0,"name":"Shaded","section":"Shading Mode"},"sceneLighting":false,"audioPlay":false,"sceneViewState":{"m_AlwaysRefresh":false,"showFog":false,"showSkybox":false,"showFlares":false,"showImageEffects":false,"showParticleSystems":false,"showVisualEffectGraphs":true,"m_FxEnabled":true},"in2DMode":false,"pivot":{"x":-0.00023501040413975716,"y":-0.008326773531734944,"z":-0.030894070863723756},"rotation":{"x":-0.008488613180816174,"y":0.9803736209869385,"z":-0.19261395931243897,"w":-0.043162256479263309},"size":0.011910378001630307,"orthographic":true}